log,rvpnot,tlcv,mvo,as,sam,eav,et,enve,metric,method
BPIC13cp,5.240572542059008e-06,-3.0701043572643055e-05,-0.00014288345849705966,-2.303915465226916e-05,0.0007893714529472219,-0.0005710740257552048,-8.834306109810341e-06,-2.5142794366685844e-05,fitness,ilp
BPIC13inc,2.2540389640571257e-05,-5.72315745729704e-05,-0.00014416813794402433,2.2483850345027256e-05,0.0007450782006073048,-0.00046614002319823183,-6.727829751814601e-05,-3.536062068923776e-05,fitness,ilp
BPIC13op,7.219074218550725e-06,-3.3422058103638186e-05,-0.00014310632116104616,-2.652716341064454e-05,0.0007881160197542869,-0.000570954116188245,-1.2890281162851458e-05,-2.315608656447421e-05,fitness,ilp
BPIC16c_p,7.604639815719794e-05,1.1333110301950389e-06,-0.0001452844077675583,-2.8464605842305757e-05,0.0007903522601292873,-0.0005710738558629969,-4.82792564799224e-05,-0.00018429032228244394,fitness,ilp
BPIC16wm_p,-2.1775638979704137e-05,-8.528666494044684e-05,-3.6587103676086197e-06,-2.848552038923341e-05,0.00013709544461696505,-0.0005710740257551666,1.483740794280819e-05,0.0005531749457834967,fitness,ilp
BPIC17ol,-2.2339913007582424e-05,5.986084276351361e-05,0.0009579981756075093,2.475356900296516e-05,-0.0008963614669334694,-2.0141098398041013e-05,3.900722419483693e-05,-0.00011376707426028962,fitness,ilp
BPIC20a,-2.0304116789146565e-05,3.624922904795977e-05,-0.00010263998319296266,-1.3216344656525464e-05,0.0005844612164796585,-0.00046939736862744094,2.9187495119004786e-05,-1.783863203156863e-05,fitness,ilp
BPIC20d,-7.906052373052308e-07,3.892582809666631e-05,-0.00014195255653088115,-2.5720343779820493e-05,0.0007812896017673869,-0.000568285639099702,-1.965023958470924e-05,-4.023029768643327e-05,fitness,ilp
BPIC20e,-1.9518205146049072e-05,3.6548022355073484e-05,-0.00011442922046307757,-1.9020796912225246e-05,0.0006553539595960112,-0.0005450577629722286,2.7100209711448248e-05,-2.3791397332526693e-05,fitness,ilp
RTFMP,-2.207824070464548e-05,1.0962162715424245e-05,0.00012126726066357882,0.00014379984081707917,-0.005108928313707534,0.004923895075536533,3.210495085882378e-05,-7.758937750769468e-05,fitness,ilp
RWABOCSL,-4.239714694168062e-06,2.2961945180685617e-05,-0.00014114264034630064,-2.65633305214924e-05,0.000734171624743235,-0.0005706971596791052,1.4695093028697925e-05,-1.2008343062024085e-05,fitness,ilp
BPIC13cp,-0.06875508278363492,0.11399937255618316,0.6479952919744891,0.05586034386662245,-3.59966823917449,2.631109570288135,0.07873012834926577,0.11496802545649935,fitness,sm1
BPIC13inc,-0.2957246261525631,0.21251276284550316,0.6538214823678135,-0.05451396245519167,-3.3976834662735156,2.1476471014582312,0.5995749901453358,0.16169009220971778,fitness,sm1
BPIC13op,-0.09471256082299846,0.12410306654072267,0.649006003490922,0.0643173107820364,-3.593943250040006,2.6305571108960573,0.11487642354696365,0.10588359872780667,fitness,sm1
BPIC16c_p,-0.9977109102097312,-0.004208220026460891,0.6588839129522236,0.06901480086337092,-3.604140886935805,2.631108787543886,0.43025813369296056,0.8426865428947801,fitness,sm1
BPIC16wm_p,0.2856912768211664,0.3166871597617142,0.016592733112184826,0.0690655099191474,-0.6251785719897354,2.631109570288136,-0.1322289512256032,-2.5294496037818672,fitness,sm1
BPIC17ol,0.2930944197339769,-0.22227578354659983,-4.344647827277294,-0.06001708384287653,4.087560921152379,0.09279609010602771,-0.3476270495089619,0.5202117035575329,fitness,sm1
BPIC20a,0.26638525077044906,-0.1346009414100001,0.465485834237757,0.03204412524317371,-2.665242668880616,2.1626546702601446,-0.26011496639874565,0.08156898837921256,fitness,sm1
BPIC20d,0.010372555299987776,-0.14453971145313735,0.643773529023615,0.06236110958055115,-3.5628136216212547,2.6182626354180374,0.17512024887646033,0.18395719350371967,fitness,sm1
BPIC20e,0.25607427431880114,-0.1357104232256137,0.5189515770705593,0.04611750179969555,-2.9885256490684418,2.5112448331359394,-0.2415133641917431,0.1087886228667885,fitness,sm1
RTFMP,0.28966134049396364,-0.040704794560052215,-0.5499629894693786,-0.34865465670276247,23.297583055999198,-22.68586360447086,-0.2861149331198962,0.35478544661205613,fitness,sm1
RWABOCSL,0.05562406253058105,-0.08526248748225991,0.6401004525171116,0.06440500094623237,-3.347947623167695,2.629373235076266,-0.13096066016603514,0.05490938957375445,fitness,sm1
BPIC13cp,-0.017525235443826448,0.04691414916905326,0.17881747761758374,-0.021616236883560458,-1.0234948994513076,0.775839847826663,0.015203035058428259,0.031022323030752585,fitness,imf
BPIC13inc,-0.07537833553586633,0.08745535377002253,0.18042524341952237,0.021095228642103746,-0.966064500010278,0.6332804301260082,0.11577981373151608,0.04362954179203459,fitness,imf
BPIC13op,-0.02414163230861263,0.05107212123609746,0.1790963884155571,-0.024888823257115777,-1.021867111336061,0.7756769431663925,0.022182998188744026,0.02857103260102051,fitness,imf
BPIC16c_p,-0.2543101964013826,-0.0017318083216666495,0.18182224595785906,-0.026706607597984693,-1.024766608916343,0.7758396170175069,0.08308419696319479,0.22738578003360943,fitness,imf
BPIC16wm_p,0.07282089829335436,0.1303262318015191,0.004578846048189381,-0.026726230444640037,-0.1777572368237155,0.7758398478266629,-0.025533825783999257,-0.6825324031351717,fitness,imf
BPIC17ol,0.07470791256660571,-0.0914731285984414,-1.1989268675751845,0.02322476754718506,1.162217592295497,0.027362944226942923,-0.06712787508102698,0.1403709896561292,fitness,imf
BPIC20a,0.06789991444277578,-0.0553923105190044,0.12845309800243004,-0.012400091980042474,-0.7578093580159697,0.6377057379987819,-0.05022901697605198,0.022010115392901833,fitness,imf
BPIC20d,0.002643898697037586,-0.05948241145469889,0.17765246143409477,-0.02413183349235219,-1.0130160134594097,0.7720516498332344,0.03381627007260361,0.04963797071440826,fitness,imf
BPIC20e,0.06527171180444075,-0.05584889544777126,0.14320723185297146,-0.01784605633220795,-0.8497285181487777,0.7404951246413956,-0.04663698916629897,0.029354907916733633,fitness,imf
RTFMP,0.07383284239662403,-0.016751239599540904,-0.1517649831378893,0.1349186404551765,6.624209744625446,-6.689419994311238,-0.0552496922101388,0.09573330226127483,fitness,imf
RWABOCSL,0.014178221488849493,-0.03508806203556886,0.17663885796486628,-0.02492275665656179,-0.9519230907590772,0.7753278516476498,-0.025288914796970617,0.014816439736307155,fitness,imf
BPIC13cp,-0.05142533333569347,0.373273007536583,0.36310607509576853,0.29435654373369075,-2.6756600237188315,1.7783177657712523,0.059640072071391874,0.10860770680762503,precision,ilp
BPIC13inc,-0.22118710151693272,0.6958396028728628,0.36637079808478035,-0.2872617757572811,-2.5255232482322643,1.451554522190445,0.45419328501330347,0.15274499199827857,precision,ilp
BPIC13op,-0.07084021739494095,0.40635596366408355,0.36367243027817664,0.3389206007977733,-2.6714045969557034,1.7779443687972536,0.08702180884617568,0.10002585328141586,precision,ilp
BPIC16c_p,-0.7462374278808396,-0.013779154309630297,0.36920754600982897,0.36367406360971716,-2.678984575877524,1.7783172367290492,0.32593146538405365,0.7960670161816151,precision,ilp
BPIC16wm_p,0.2136826623838404,1.0369422736446678,0.009297786990270672,0.3639412753982803,-0.4646998561017873,1.778317765771252,-0.10016678933933351,-2.389514126744309,precision,ilp
BPIC17ol,0.21921983980563292,-0.7278070779389577,-2.4345362378005135,-0.31626051939720135,3.0383142624696147,0.0627191423318749,-0.2633363201785412,0.49143229131346033,precision,ilp
BPIC20a,0.19924272885674355,-0.4407296030739541,0.26083636158487006,0.16885678283814035,-1.981094586724736,1.4616978573532453,-0.19704369430274907,0.0770563879766387,precision,ilp
BPIC20d,0.007758148085187655,-0.47327254170625244,0.36074039776128347,0.3286123823970447,-2.648265713931202,1.7696347626864752,0.13265803680414856,0.17378022156921444,precision,ilp
BPIC20e,0.19153063864355718,-0.44436242670126885,0.29079604844145757,0.24301655692996788,-2.221393216755049,1.6973034309923662,-0.18295250812625236,0.10277016422093839,precision,ilp
RTFMP,0.21665206972758544,-0.13328144485270138,-0.3081733849418509,-1.8372385953929633,17.31726578405509,-15.332951061888314,-0.2167393295267161,0.33515782855498455,precision,ilp
RWABOCSL,0.04160399262585894,-0.2791785991354311,0.35868217849592665,0.3393826848428305,-2.488554228227602,1.777144209265104,-0.09920602664548135,0.05187166484013794,precision,ilp
BPIC13cp,0.0017242063052955309,0.09331811085315539,0.17662690217066343,-0.022841375806773652,-1.0748494265822697,0.8142698975123246,-0.011644339721182392,0.03486292188384513,precision,sm1
BPIC13inc,0.007416037395346214,0.17395963781426477,0.17821497228995942,0.022290838490512475,-1.0145374192232945,0.6646490153602856,-0.0886783118478427,0.04903092865791611,precision,sm1
BPIC13op,0.0023751552314414254,0.10158883738554063,0.17690239621567672,-0.026299441871702335,-1.0731399631318825,0.8140989236168809,-0.016990447364712814,0.03210815891262454,precision,sm1
BPIC16c_p,0.025020105752179167,-0.0034447833713314793,0.1795948610679381,-0.028220252394325313,-1.0761849449028846,0.8142696552703866,-0.06363601814920031,0.2555363980624702,precision,sm1
BPIC16wm_p,-0.007164425972888522,0.25923517663090734,0.004522753613254833,-0.028240987400944256,-0.18667632264044226,0.8142698975123246,0.019556920093106174,-0.7670306904517253,precision,sm1
BPIC17ol,-0.007350078366464202,-0.18195149450275316,-1.1842396021369606,0.024541072825384123,1.220532621425215,0.028718326151618723,0.051414719442565135,0.15774907772988128,precision,sm1
BPIC20a,-0.006680278903331241,-0.11018223425087001,0.1268795034840759,-0.013102889391914228,-0.795832939039375,0.669293524144048,0.03847151146349157,0.024734992696597603,precision,sm1
BPIC20d,-0.0002601178636720408,-0.11831795661348549,0.17547615783509915,-0.025499548356841678,-1.0638447556204023,0.8102940568790984,-0.025900626770596766,0.055783207910430524,precision,sm1
BPIC20e,-0.0064217052838704825,-0.11109043878513558,0.14145289413331388,-0.018857513523217198,-0.8923642032534307,0.7771744270923782,0.03572029817325363,0.03298907888342381,precision,sm1
RTFMP,-0.0072639852860315185,-0.033320310856428934,-0.14990581002912265,0.14256539593713238,6.956583808466821,-7.020770263918778,0.042316957312346644,0.10758519389759597,precision,sm1
RWABOCSL,-0.001394913008006357,-0.06979454430386474,0.17447497135610102,-0.0263352985073104,-0.9996864554980562,0.813732540379432,0.01936933736877173,0.016650731816941003,precision,sm1
BPIC13cp,-0.07996167553477937,0.3712054602428357,0.6542222835694705,0.2926845956127679,-4.316420780649512,3.0150518345443635,0.09557708254756422,0.16024268324715346,precision,imf
BPIC13inc,-0.34392565097287037,0.6919853694866955,0.6601044614661913,-0.28563012598962745,-4.074217551575134,2.4610405459079407,0.7278741890570061,0.22536400122804828,precision,imf
BPIC13op,-0.11015003910953428,0.40410517093059123,0.655242707644306,0.3369955283857307,-4.309555852987528,3.014418758019382,0.13945809115678262,0.14758078956856124,precision,imf
BPIC16c_p,-1.1603307399215168,-0.013702832013006159,0.6652155401088358,0.3616083912806157,-4.321784005385437,3.015050937578871,0.522326306624351,1.1745383312755968,precision,imf
BPIC16wm_p,0.3322569365843081,1.031198683434928,0.01675218305095306,0.3618740853035394,-0.7496618022699036,3.0150518345443644,-0.16052377471559412,-3.5255523441325827,precision,imf
BPIC17ol,0.3408667394900006,-0.7237757777270989,-4.386398262563917,-0.31446415647480386,4.901460837479616,0.10633727491709277,-0.4220135277728675,0.7250722007587491,precision,imf
BPIC20a,0.3098041646810079,-0.4382884158471474,0.46995897843074863,0.1678976746179175,-3.1959358688200488,2.4782380804991395,-0.31577529640318036,0.11369103292625032,precision,imf
BPIC20d,0.012063208533603903,-0.4706511001793985,0.6499599510608592,0.32674586076891404,-4.2722278088254875,3.000330222420808,0.21259310550548055,0.25639993530901745,precision,imf
BPIC20e,0.2978125719129799,-0.4419011173801563,0.5239385069891006,0.24163622044905078,-3.583589752732706,2.877695944949723,-0.29319325688498615,0.15162981851447752,precision,imf
RTFMP,0.3368740925879693,-0.1325432031769077,-0.5552479274240075,-1.8268030617428823,27.936511078277785,-25.996277559582065,-0.34733882891156603,0.4945007250182501,precision,imf
RWABOCSL,0.06469039174883137,-0.2776322377713341,0.6462515776674552,0.33745498778877714,-4.014578492511649,3.013062126200384,-0.15898409020299004,0.07653282628647837,precision,imf
BPIC13cp,-0.04279298422018046,0.3298805222526211,0.2965315053595397,0.2437848448689279,-2.264328402892016,1.502996741414449,0.05338990533968319,0.0947552260024552,fscore,ilp
BPIC13inc,-0.1840582361058235,0.6149491845516283,0.29919764974243956,-0.23790898803024,-2.137272288871838,1.2268233264213377,0.4065946879432404,0.13326297610883667,fscore,ilp
BPIC13op,-0.058948850858138946,0.359117629208259,0.29699402076846854,0.2806926084956343,-2.260727166710752,1.5026811541521623,0.0779020878986152,0.08726795374251987,fscore,ilp
BPIC16c_p,-0.6209726686136755,-0.012177346146345436,0.301514287194232,0.3011933217294397,-2.2671418686586273,1.502996294279116,0.291774464377717,0.694531836170702,fscore,ilp
BPIC16wm_p,0.17781350564763793,0.9163991284373744,0.007593061537210883,0.3014146254028552,-0.3932611294646612,1.5029967414144496,-0.08966949930250437,-2.084741108812548,fscore,ilp
BPIC17ol,0.18242120249013274,-0.6432004836195566,-1.9881702482034516,-0.26192562489511506,2.5712314794986106,0.053008898838860806,-0.2357391719782447,0.4287520581830579,fscore,ilp
BPIC20a,0.16579748538128697,-0.3894953792499372,0.21301268212840216,0.13984647355590848,-1.676539134931527,1.2353962597801578,-0.1763938878881992,0.06722815233169677,fscore,ilp
BPIC20d,0.0064558513684306595,-0.4182552450181718,0.29459956891092753,0.27215538560321506,-2.2411454449751362,1.495658049987469,0.118755725496835,0.15161524585649003,fscore,ilp
BPIC20e,0.15937996052747336,-0.3927058920146802,0.23747933706206345,0.20126528488305637,-1.8798964405422132,1.4345251310396216,-0.16377943136664366,0.08966223874253422,fscore,ilp
RTFMP,0.18028446292417508,-0.11778765607712409,-0.25167058338104026,-1.521593236161566,14.655066947095285,-12.959087473486854,-0.19402545779900984,0.2924097812641599,fscore,ilp
RWABOCSL,0.0346202714586817,-0.24672446232406717,0.2929187188812076,0.28107530454788343,-2.1059865495471177,1.5020048761592306,-0.0888094227214892,0.045255640410094826,fscore,ilp
BPIC13cp,-0.02975788733576,0.10603905840055916,0.3952126305997727,0.007599744159346264,-2.2399300081875007,1.656964645286705,0.02761544199010837,0.0720328091451955,fscore,sm1
BPIC13inc,-0.12799257525659397,0.1976734850810928,0.3987660268361943,-0.0074165703089989895,-2.11424293816974,1.352499857039041,0.2103073970059485,0.1013063545848103,fscore,sm1
BPIC13op,-0.04099254338943134,0.11543723465771419,0.3958290640247283,0.008750306087047067,-2.236367575733498,1.656616729072583,0.040294145037068005,0.06634099375441072,fscore,sm1
BPIC16c_p,-0.4318192584119285,-0.003914369694695852,0.40185360560917727,0.009389394935022109,-2.24271315854219,1.656964152346554,0.15091768273334763,0.5279822687442061,fscore,sm1
BPIC16wm_p,0.12365004133886794,0.29457362330770565,0.010119915658838893,0.00939629385156622,-0.38902369630506867,1.6569646452867033,-0.04638073134828807,-1.5848176902068318,fscore,sm1
BPIC17ol,0.12685419561824274,-0.2067547764871418,-2.6498027348560513,-0.008165264493984576,2.543526169423729,0.05843916280145226,-0.12193393839420547,0.325936800329194,fscore,sm1
BPIC20a,0.11529420021616282,-0.1252020670544577,0.28390002726019226,0.0043595713309544405,-1.6584742360858546,1.3619510069254956,-0.0912381310173557,0.051106760760274664,fscore,sm1
BPIC20d,0.004489345652776214,-0.13444683562995624,0.39263777540831,0.008484166861499262,-2.216996849264861,1.6488741738291735,0.06142531678200085,0.11525772803285232,fscore,sm1
BPIC20e,0.11083150650469739,-0.12623407630505412,0.31650880873379994,0.006274240197710491,-1.8596403437227842,1.5814787613385026,-0.08471341833821855,0.06816112633940177,fscore,sm1
RTFMP,0.12536832459456118,-0.037862472316757614,-0.33542268360996824,-0.04743411886672956,14.497156942813373,-14.286624306675348,-0.10035789987569502,0.22228956496229355,fscore,sm1
RWABOCSL,0.024074650468406053,-0.07930880395900841,0.3903975643350075,0.008762236246567162,-2.083294306225599,1.6558711727491415,-0.045935864574710286,0.034403283554191415,fscore,sm1
BPIC13cp,-0.07395727831950306,0.2899547859046974,0.6043969845380369,0.2037708076803332,-3.8596686317503464,2.7303814779002304,0.0883010891888474,0.13856843968612206,fscore,imf
BPIC13inc,-0.318099951259195,0.5405213315758888,0.6098311781945063,-0.19885939452634013,-3.6430947031941185,2.2286779437488433,0.6724633350698647,0.19488152206878764,fscore,imf
BPIC13op,-0.10187876935851185,0.3156532995056404,0.6053396935365984,0.2346206531985498,-3.853530132446716,2.7298081741851505,0.1288415697268567,0.12761917938318526,fscore,imf
BPIC16c_p,-1.0732004163385152,-0.010703510988280967,0.6145529991977541,0.25175644724645935,-3.8644643343313074,2.730380665622997,0.48256318939182324,1.0156716089518658,fscore,imf
BPIC16wm_p,0.30730745157864015,0.8054865175878078,0.015476343705663469,0.2519414268677258,-0.6703345873075862,2.730381477900233,-0.14830358669964883,-3.0486901333567045,fscore,imf
BPIC17ol,0.3152707363086539,-0.5653533505045412,-4.0523319817414825,-0.2189340201428424,4.382801308200125,0.0962972916476884,-0.38988691809281273,0.6269997573864708,fscore,imf
BPIC20a,0.28654067937694416,-0.34235440313386833,0.4341670966485182,0.11689253646203993,-2.857750448535831,2.244251748940308,-0.29173628100079174,0.09831331278068753,fscore,imf
BPIC20d,0.011157370890232693,-0.36763343647761443,0.6004592695136449,0.22748470180226607,-3.8201520424832247,2.717049827476692,0.19640903729020529,0.22171957091229136,fscore,imf
BPIC20e,0.27544954655727905,-0.34517634465071967,0.4840355665964523,0.16823026747492495,-3.204383831087742,2.605994237676749,-0.27087334364789817,0.13112054126698583,fscore,imf
RTFMP,0.31157790100736393,-0.10353171010777187,-0.5129604744966314,-1.2718439608511265,24.98034389343055,-23.541802475765,-0.3208969775281312,0.427615117900568,fscore,imf
RWABOCSL,0.0598327295566117,-0.21686317871123803,0.597033324306939,0.2349405347880099,-3.5897664904938233,2.7285796306661014,-0.1468811136983152,0.06618108301974317,fscore,imf
BPIC13cp,19.604241964137415,-83.17729404479037,-12.709571403926152,-5.0412141923088445,129.62764201318427,-98.83965608416831,-0.8384325451121462,-14.390341274061266,size,ilp
BPIC13inc,84.32041517705609,-155.05556010634862,-12.823844429878529,4.91970765278997,122.3539689705469,-80.67801633781676,-6.385143724687396,-20.2384584608932,size,ilp
BPIC13op,27.005537398016095,-90.54924624633881,-12.729395174786756,-5.8044279265398275,129.42147944687395,-98.81890252189534,-1.2233706992141657,-13.253259895251677,size,ilp
BPIC16c_p,284.47883854002106,3.0704410620645737,-12.923137316396181,-6.228361114684819,129.78870651811425,-98.83962667977802,-4.5820123712621585,-105.47756118420149,size,ilp
BPIC16wm_p,-81.45959092901623,-231.06426304870925,-0.3254445346863917,-6.23293744189595,22.513303654556836,-98.8396560841683,1.4081655706411345,316.60666423929075,size,ilp
BPIC17ol,-83.57046039614386,162.17894706376623,85.21452620039605,5.41634644376912,-147.1971439000542,-3.4859565468536977,3.7020367930385127,-65.11396468043358,size,ilp
BPIC20a,-75.95483417880988,98.20880441116071,-9.12988955480532,-2.891877990255866,95.97804564321504,-81.24178721068024,2.770081262054691,-10.2098437847916,size,ilp
BPIC20d,-2.957542564922081,105.46042325594125,-12.626767102198738,-5.6278871361092015,128.30047049256135,-98.35705108792051,-1.8649342893841911,-23.025591540133732,size,ilp
BPIC20e,-73.0148496851436,99.01831496499413,-10.178549451896375,-4.161954411551174,107.61978805955322,-94.33684497720054,2.5719844342127223,-13.616876549563527,size,ilp
RTFMP,-82.5915812590909,29.699414919899212,10.786797328232673,31.464947795188166,-838.9691925742771,852.2119268460174,3.046966600970197,-44.40785718938437,size,ilp
RWABOCSL,-15.860174066103985,62.21001776836102,-12.554724560054298,-5.81234167840155,120.56293167572568,-98.77442931553576,1.3946589687428155,-6.872909680576184,size,ilp
BPIC13cp,9.26911264805866,-27.717510395030924,-7.768335027646517,-2.5652120576698474,60.97973284371196,-46.424107541570876,-2.068216437486399,-5.6185825980113595,size,sm1
BPIC13inc,39.86766885641205,-51.6697994135365,-7.838180903798314,2.503383690857926,57.55803487833953,-37.89374685316555,-15.75065195655677,-7.9019286862859905,size,sm1
BPIC13op,12.768530847634143,-30.174096223226556,-7.780451698513097,-2.95357188507322,60.88274937613722,-46.41435977792016,-3.017768577811495,-5.1746191418410765,size,sm1
BPIC16c_p,134.50488956624994,1.0231756518705413,-7.898870629975283,-3.1692894650830237,61.05550117775477,-46.42409373059029,-11.30274982556027,-41.18278909885632,size,sm1
BPIC16wm_p,-38.51503801917345,-76.99849083241365,-0.19891797276338066,-3.171618120302575,10.590759971894018,-46.424107541570876,3.4736141826565494,123.61629653048955,size,sm1
BPIC17ol,-39.513081550361605,54.0435548272883,52.08476098118824,2.756097375761419,-69.24481824231437,-1.6373227915581545,9.132056469155213,-25.423176690079938,size,sm1
BPIC20a,-35.912325274086776,32.72652216461952,-5.580364480680201,-1.471526502728666,45.15021249549202,-38.15854501887685,6.833140760999727,-3.9863440015175504,size,sm1
BPIC20d,-1.398360377608169,35.14300881544486,-7.717723442321919,-2.863739446496392,60.355401771199396,-46.19743226634707,-4.6003554783533165,-8.990140363766468,size,sm1
BPIC20e,-34.52226655591806,32.99627868228987,-6.221325623409532,-2.117802424715771,50.62674768010496,-44.3091772053986,6.344482349604358,-5.316590076883864,size,sm1
RTFMP,-39.05025615742989,9.896857684807093,6.593098449814603,16.010877617799046,-394.6698129561031,400.276363835365,7.5161519496546285,-17.338658539599123,size,sm1
RWABOCSL,-7.498873983776829,20.730499037887437,-7.673689651894628,-2.9575987823488896,56.71549100378368,-46.393471108366356,3.44029656369778,-2.683467333647957,size,sm1
BPIC13cp,11.901218950424038,-41.10293253274453,-50.13452496493012,-1.0430194986312675,303.25298082278243,-228.867763620909,-4.323971940157105,-13.579692710614893,size,imf
BPIC13inc,51.18870318212552,-76.62233184030033,-50.58528948643542,1.0178799816230717,286.2368336688773,-186.8136525777011,-32.929521236231814,-19.09836894076038,size,imf
BPIC13op,16.39435046943399,-44.74586005827445,-50.212722356763834,-1.2009272518151217,302.77068081487766,-228.8197077942018,-6.309178486272674,-12.506666337082704,size,imf
BPIC16c_p,172.69961013644726,1.5172906653088325,-50.9769629378643,-1.2886383794293201,303.62977770395884,-228.8676955336929,-23.63039583600623,-99.53571228559889,size,imf
BPIC16wm_p,-49.45197213091286,-114.18282986827084,-1.2837574635989863,-1.2895852145232478,52.66798296553464,-228.86776362090902,7.262204276353685,298.7713167200664,size,imf
BPIC17ol,-50.73342538730544,80.14242824254319,336.1395640649785,1.1206337871563339,-344.3553547919317,-8.071892503133308,19.09217778800143,-61.44591116292359,size,imf
BPIC20a,-46.11017929480756,48.530911088063625,-36.01401347578448,-0.5983251289146225,224.5325764075052,-188.1190899292537,14.285888255300597,-9.634694450976209,size,imf
BPIC20d,-1.795446193978222,52.11437462283173,-49.80789283861991,-1.1644012325470117,300.1481745218933,-227.7502695848164,-9.617856063131969,-21.7284949425599,size,imf
BPIC20e,-44.32539214343583,48.93093922147273,-40.15058615157055,-0.8611019960796655,251.76745497890238,-218.44129767710297,13.264261494726494,-12.849799438374584,size,imf
RTFMP,-50.139173645392596,14.676277483338731,42.549897455775955,6.510049528120711,-1962.697959442601,1973.3358608838282,15.713843841102983,-41.9062371825543,size,imf
RWABOCSL,-9.628293942598486,30.74173297603128,-49.523711845186675,-1.2025645949598918,282.0468523502007,-228.71672804210826,7.192547906314508,-6.485739268620933,size,imf
BPIC13cp,9.55621531661215,-40.90234399580563,-16.935456741111256,0.6921028103212505,114.52870250023648,-88.42886388652191,-0.19492542538489555,-8.515353991154397,pnsize,ilp
BPIC13inc,41.102535078485694,-76.24840325434243,-17.087725124220903,-0.6754213097411426,108.1022619429094,-72.18019171673461,-1.484468683776923,-11.975924319489184,pnsize,ilp
BPIC13op,13.164024938498509,-44.5274934831886,-16.961871842233567,0.796883593320497,114.34655360932918,-88.41029629931946,-0.28441889015155297,-7.8424963936236,pnsize,ilp
BPIC16c_p,138.67106104287473,1.5098860570263772,-17.220032527112554,0.8550849193723069,114.67100632125789,-88.42883757929937,-1.0652624540804991,-62.41539060828944,pnsize,ilp
BPIC16wm_p,-39.70800768246267,-113.6256003623572,-0.43365363501633103,0.8557131983548976,19.890969368153613,-88.42886388652184,0.32738146255148726,187.3491233189672,pnsize,ilp
BPIC17ol,-40.73696474032984,79.75132105292607,113.54804000198565,-0.743604308883611,-130.05172076569275,-3.1187803479764367,0.8606787759855371,-38.53059829935042,pnsize,ilp
BPIC20a,-37.024678183327914,48.29407289060137,-12.165543958371806,0.39702278217335185,84.7985882124421,-72.68458053954853,0.6440103876031086,-6.04158250079859,pnsize,ilp
BPIC20d,-1.4416733689649721,51.860048580504994,-16.825120316277193,0.7726465003241773,113.35611901502004,-87.99709172932407,-0.43357466476264805,-13.625185051961832,pnsize,ilp
BPIC20e,-35.591563610452724,48.69214882612411,-13.562879380543297,0.5713901918823624,95.08430839587014,-84.4003343847024,0.597955271231959,-8.057663252391963,pnsize,ilp
RTFMP,-40.259803735087644,14.60465502609076,14.37336741906077,-4.319788440825459,-741.2466320526775,762.4483478307842,0.7083828798036993,-26.277946905807973,pnsize,ilp
RWABOCSL,-7.73114505584539,30.591708662420164,-16.729123896159503,0.7979700637013871,106.51984345315117,-88.37050746083527,0.324241340980731,-4.066981996099768,pnsize,ilp
BPIC13cp,5.304996852302823,-15.192403850314177,-19.721800931574688,-0.8101652680515509,114.71955630121951,-86.09956143902326,-1.9461153896923573,-5.286426655619423,pnsize,sm1
BPIC13inc,22.81748704782581,-28.32103058202163,-19.899121613606937,0.7906381512887892,108.28240654540863,-70.27889512829877,-14.820782590625194,-7.434787281185682,pnsize,sm1
BPIC13op,7.307820988605347,-16.538897220858644,-19.752562036745058,-0.9328200960327235,114.53710387235682,-86.0814829401617,-2.8396089332635994,-4.86870916052551,pnsize,sm1
BPIC16c_p,76.98126485901975,0.5608186843437561,-20.053197190161555,-1.0009497036842714,114.86209726126845,-86.09953582475875,-10.635470728633639,-38.74817006730549,pnsize,sm1
BPIC16wm_p,-22.04333502202411,-42.20408514036157,-0.5050014767115609,-1.0016851577277341,19.924116230261276,-86.09956143902328,3.268542835360784,116.30842363677834,pnsize,sm1
BPIC17ol,-22.61454588032818,29.62212329827268,132.22978720458755,0.8704521571749553,-130.26844255412354,-3.036628634401614,8.592928337694621,-23.920224821920367,pnsize,sm1
BPIC20a,-20.55372286125002,17.937922066416643,-14.167107497544027,-0.4647489707385335,84.93989892779152,-70.76999785799981,6.4297334427326875,-3.7506817458819106,pnsize,sm1
BPIC20d,-0.8003244413207087,19.262436446496505,-19.59331115776207,-0.9044485150315689,113.54501879041612,-85.67916258120222,-4.3287648392156495,-8.458666723809756,pnsize,sm1
BPIC20e,-19.758149713701172,18.08577986097662,-15.794342679445345,-0.6688608701842144,95.24275952013012,-82.17714733002906,5.96992389984223,-5.002287144339284,pnsize,sm1
RTFMP,-22.349656743051074,5.4246235197094,16.738178089225684,5.0566801751071155,-742.4818659643933,742.3647153533552,7.072421781090951,-16.313642289224745,pnsize,sm1
RWABOCSL,-4.291835086078423,11.36271291734043,-19.4815207102621,-0.9340919021202576,106.69735106966424,-86.04274217845685,3.2371921847091656,-2.524827746966198,pnsize,sm1
BPIC13cp,5.1149832504999155,-22.374622239477713,-34.82820283425391,-0.0793290141569779,209.56669997832012,-157.90104254915025,-2.114046257346436,-8.372937720820632,pnsize,imf
BPIC13inc,22.000213632071272,-41.709815441242725,-35.14134668465353,0.07741697598006425,197.807482325408,-128.88696091466005,-16.099672266406113,-11.775631239817713,pnsize,imf
BPIC13op,7.0460705246492825,-24.357671190172294,-34.882526169835515,-0.09133901627510788,209.23340062943308,-157.86788774824004,-3.084639620799841,-7.711333427568851,pnsize,imf
BPIC16c_p,74.22396116696261,0.8259460669071665,-35.41344026528882,-0.09801006824812686,209.82709009463784,-157.9009955742409,-11.553208616545392,-61.371515374084005,pnsize,imf
BPIC16wm_p,-21.253790070368808,-62.156092694890866,-0.8918198659205161,-0.0980820817576151,36.39685702232758,-157.90104254915013,3.5505863550892784,184.21577578918672,pnsize,imf
BPIC17ol,-21.804541381646356,43.626000550029914,233.51446784550308,0.08523213006350311,-237.97100073941635,-5.5689810632333465,9.33441464373855,-37.88618773119054,pnsize,imf
BPIC20a,-19.817532620226693,26.41808590343417,-25.01875438308392,-0.045506860307434324,155.16599687720432,-129.78761164646946,6.9845570269566,-5.940539179807917,pnsize,imf
BPIC20d,-0.771658537468142,28.368765282223215,-34.60129313569239,-0.08856095402083852,207.4210854198612,-157.13005815820833,-4.702295226555527,-13.397308672456823,pnsize,imf
BPIC20e,-19.05045519538457,26.6358435625273,-27.892410656713476,-0.06549290068617251,173.9869944846552,-150.70758805567627,6.4850703837758985,-7.922901697064572,pnsize,imf
RTFMP,-21.549140004768326,7.98911766964212,29.55920017598868,0.49513533721721165,-1356.3465503243851,1361.4490079489485,7.682703130493294,-25.838457579322927,pnsize,imf
RWABOCSL,-4.138110764320225,16.734442531019766,-34.403874026049756,-0.09146354780849894,194.91194423195395,-157.79683968992114,3.516530447599685,-3.998963167052737,pnsize,imf
BPIC13cp,8.535938450898486,-38.93140722784531,-6.44263871455905,0.35359042060207957,59.62510283395935,-47.16100005569926,0.5559357502746008,-6.702186063292097,cfc,ilp
BPIC13inc,36.71419050133251,-72.57426708533318,-6.500565122746444,-0.3450679601837261,56.27941593869247,-38.49523646421237,4.233768939301415,-9.425899751495857,cfc,ilp
BPIC13op,11.758557432855369,-42.38187380671893,-6.452687628842332,0.4071221800158509,59.53027379884108,-47.15109756523863,0.8111749853896919,-6.172599528494413,cfc,ilp
BPIC16c_p,123.86573583425758,1.4371300813412362,-6.550897913241746,0.43685682500119993,59.69918801764552,-47.160986025496186,3.0381746274465073,-49.125328377933954,cfc,ilp
BPIC16wm_p,-35.468550922675114,-108.15039156848711,-0.1649718540441332,0.4371778082805554,10.355492275317133,-47.16100005569928,-0.9337061014497301,147.45701524360825,cfc,ilp
BPIC17ol,-36.38765056867235,75.90839188063374,43.19629577531491,-0.3799021712072391,-67.70658407111335,-1.66331210987151,-2.4546931223987283,-30.326306951004895,cfc,ilp
BPIC20a,-33.07170921398337,45.96695530671909,-4.628053774281209,0.2028361255636589,44.147226258247294,-38.7642377863525,-1.8367455005411373,-4.755152877865565,cfc,ilp
BPIC20d,-1.2877519746119441,49.361099460473945,-6.400664191336649,0.3947396209813575,59.014640920385375,-46.930726750867684,1.2365737105815091,-10.723984635271151,cfc,ilp
BPIC20e,-31.791602248845937,46.345849395405814,-5.159632427619382,0.291919199377054,49.50210333508277,-45.0124993093423,-1.7053943152187503,-6.341951069677269,cfc,ilp
RTFMP,-35.9614340345141,13.900909255988925,5.467960788316262,-2.206949298464046,-385.90244800316015,406.629973451418,-2.0203386345712735,-20.682603413432506,cfc,ilp
RWABOCSL,-6.9057232560410675,29.117604307821924,-6.364144936960215,0.40767725003323263,55.45558869610244,-47.12987732863826,-0.9247503388141192,-3.2010025751406888,cfc,ilp
BPIC13cp,2.6735111693559905,-9.310576882965362,2.7516389645776904,1.193527673726351,-10.701447584332827,5.802516865150317,0.5743230453978809,-0.9913352386678311,cfc,sm1
BPIC13inc,11.49912208760644,-17.356379888049975,2.776379225347899,-1.1647605132919168,-10.100967396600634,4.736313024484906,4.373798716001788,-1.394205784734409,cfc,sm1
BPIC13op,3.682856292027699,-10.13576756196368,2.7559308371036275,1.3742215855546636,-10.684427773874527,5.801298498961371,0.8380041897457986,-0.913002917107204,cfc,sm1
BPIC16c_p,38.795550150496666,0.3436944889980649,2.797876266181465,1.4745894676879046,-10.714744311253394,5.802515138925473,3.1386607240562787,-7.266236519290761,cfc,sm1
BPIC16wm_p,-11.108979709508347,-25.864529625864748,0.07045917080848534,1.4756729315047823,-1.8585923130878566,5.8025168651503165,-0.9645879607963938,21.810694901532667,cfc,sm1
BPIC17ol,-11.39684766725658,18.1537470384941,-18.44905726471644,-1.2823417384229387,12.151902908561096,0.2046478352481796,-2.5358808619105897,-4.485631472370845,cfc,sm1
BPIC20a,-10.35827337344155,10.99315185177619,1.976633124979538,0.684663709722226,-7.923495396090776,4.769409962773367,-1.8974949334893159,-0.7033452322219466,cfc,sm1
BPIC20d,-0.4033322530720689,11.804872833513514,2.733711724088884,1.3324248455466823,-10.591882554507471,5.774184880389585,1.277472763658993,-1.5862084053594165,cfc,sm1
BPIC20e,-9.95733558681717,11.083765646509404,2.2036693751975744,0.9853593950743676,-8.88458281790839,5.538173195575869,-1.7617993738248925,-0.9380520800089597,cfc,sm1
RTFMP,-11.2633538901879,3.32444916808554,-2.3353558423062606,-7.449452555141736,69.2613450323389,-50.03026390536315,-2.0871603180202754,-3.0592098454897196,cfc,sm1
RWABOCSL,-2.162917219203214,6.963572931466923,2.718114418737528,1.3760951980396037,-9.953107793244087,5.798687638703731,-0.9553359908192732,-0.47346740628157113,cfc,sm1
BPIC13cp,5.82330283346976,-22.138730037200414,-41.84079188328,-1.0525957668025372,247.33981393670678,-184.76615036079062,-3.24584271875805,-9.421845741149694,cfc,imf
BPIC13inc,25.046789032605254,-41.2700752697347,-42.21698662225203,1.027225436509581,233.46106933361204,-150.8156451373068,-24.718950126426645,-13.250806914559423,cfc,imf
BPIC13op,8.021805828397937,-24.100872007692285,-41.906053113935286,-1.211953317418554,246.94643942182714,-184.72735463891783,-4.736062429274011,-8.677359898719477,cfc,imf
BPIC16c_p,84.50244745819633,0.8172382445091151,-42.543865701667,-1.3004697466409656,247.64713777645653,-184.76609539362252,-17.738447271904505,-69.05974581864464,cfc,imf
BPIC16wm_p,-24.197001217287255,-61.500790565817105,-1.071386013942007,-1.3014252749058146,42.95716754959029,-184.7661503607903,5.451462960159661,207.2931485273034,cfc,imf
BPIC17ol,-24.824020215088673,43.16605833352445,280.532139351424,1.130922654892435,-280.8638159178357,-6.516481309269878,14.331778077210934,-42.63232672039145,cfc,imf
BPIC20a,-22.56185176138487,26.139564085411376,-30.0562305871255,-0.6038185275477462,183.1337173362072,-151.86953158320682,10.723877725435441,-6.68473188713987,cfc,imf
BPIC20d,-0.878517314259097,28.069677751417636,-41.56819437031059,-1.1750919420461747,244.80746549716955,-183.86399154281935,-7.219761946800621,-15.07563771131018,cfc,imf
BPIC20e,-21.68854994927489,26.355025958983926,-33.50849180948072,-0.8690080262623092,205.34708447331263,-176.34880951808526,9.956981032304427,-8.91543208620918,cfc,imf
RTFMP,-24.533251020194335,7.904889630340549,35.51088606798195,6.569820203713392,-1600.819707642644,1593.0844283877627,11.79579014878896,-29.07533408450583,cfc,imf
RWABOCSL,-4.711153675180133,16.55801387625747,-41.331025317412674,-1.213605693491343,230.04362823559566,-184.64421854295378,5.399174549264371,-4.499927664673646,cfc,imf
BPIC13cp,4.0772231596852215,-11.23210566843015,19.782970734492608,-10.591075875365894,-121.81470261331938,87.80420998265026,2.173893433491671,0.20774019252631326,time,ilp
BPIC13inc,17.53667141137491,-20.93841180568213,19.960841400332665,10.335803052131979,-114.97942963577587,71.67031703830482,16.555442767481974,0.2921641104287157,time,ilp
BPIC13op,5.616519257432094,-12.227600256963182,19.813827249344243,-12.194509941050676,-121.62096591245013,87.78577355529012,3.171963618602201,0.19132518887537364,time,ilp
BPIC16c_p,59.16493537763563,0.4146265979658519,20.115394862891982,-13.085150249208839,-121.96605941087351,87.80418386125974,11.880271900385283,1.5226830587477707,time,ilp
BPIC16wm_p,-16.94168697376009,-31.202484386706256,0.5065678063236937,-13.09476464504176,-21.156377967935764,87.80420998265035,-3.6511009801943333,-4.570560776257494,time,ilp
BPIC17ol,-17.380698382321036,21.90034061019152,-132.6399155722376,11.379190402333181,138.3252524788761,3.0967495513105234,-9.598665416613215,0.9399907410984705,time,ilp
BPIC20a,-15.796826501652477,13.261932614955496,14.211048675966252,-6.075540147416923,-90.1932404683153,72.17114290177047,-7.182284968450882,0.14739017464021675,time,ilp
BPIC20d,-0.6150995821983312,14.2411776128499,19.654082432464005,-11.82361578039382,-120.56752260147356,87.37548782690818,4.835413927119751,0.3323994009927772,time,ilp
BPIC20e,-15.185378587031757,13.371247400736701,15.843330945388791,-8.743840924236528,-101.13330979552616,83.80413766742778,-6.66865820652266,0.19657438987303427,time,ilp
RTFMP,-17.17711444903626,4.010553246553393,-16.7900937869084,66.10464003328494,788.4026979737672,-757.0624781493177,-7.900195101600582,0.6410756094320158,time,ilp
RWABOCSL,-3.298544730127908,8.400724034528928,19.541945251941783,-12.211135925035673,-113.29634204697425,87.7462657817455,-3.6160809736992316,0.09921790964280042,time,ilp
BPIC13cp,1.0775480907971273,-4.6859004620081475,-2.810128881559358,-17.79249579914634,-11.180107494784298,4.417246509819462,0.03223305377169605,-2.1271008218628737,time,sm1
BPIC13inc,4.634675625584928,-8.735255565635711,-2.83539503101526,17.363649788743412,-10.552768717069508,3.605584035864136,0.2454731537053363,-2.9915372266396636,time,sm1
BPIC13op,1.484360645895662,-5.101208925980767,-2.814511983810926,-20.486187565084997,-11.16232641339645,4.416319011645669,0.04703177823949534,-1.9590237283925103,time,sm1
BPIC16c_p,15.636392873631223,0.17297726929599078,-2.8573490213795907,-21.982420254562072,-11.193998964618512,4.417245195706836,0.17615281277723582,-15.591110927120253,time,sm1
BPIC16wm_p,-4.477430284896904,-13.017304174267466,-0.07195687857619204,-21.99857197507486,-1.9417243962137731,4.4172465098194635,-0.054136110081292155,46.7990496462072,time,sm1
BPIC17ol,-4.593454325427791,9.136560785024708,18.841217661372657,19.11649012940387,12.695439538740185,0.1557910053517263,-0.1423226611496301,-9.624786872577863,time,sm1
BPIC20a,-4.174861068635535,5.532720043954726,-2.0186492138893124,-10.206613928797495,-8.277901617012501,3.6307795395633136,-0.10649417033285746,-1.5091627566100587,time,sm1
BPIC20d,-0.16256146756977685,5.941249372605003,-2.7918205726159364,-19.863103293659474,-11.065641783350062,4.395678393136808,0.07169631901915763,-3.403515855261907,time,sm1
BPIC20e,-4.01326468128637,5.578324868225227,-2.2505114356821108,-14.68923032406352,-9.28197705663219,4.216011221933681,-0.09887845247808114,-2.0127715353068516,time,sm1
RTFMP,-4.539650187161106,1.6731549600494096,2.384997081981084,111.0526016371939,72.35930247684972,-38.086232880873624,-0.11713886687985964,-6.564124347417216,time,sm1
RWABOCSL,-0.8717552209314583,3.504681828737097,-2.775891724825006,-20.514118414952453,-10.398295572512628,4.414331458032522,-0.05361685659119353,-1.015915575017984,time,sm1
BPIC13cp,-14.212163603605276,21.63083283390522,196.83424416921744,-150.1449041208283,-1122.5281231875254,879.5766760537256,17.668632228493294,20.847773515222457,time,imf
BPIC13inc,-61.12837914429282,40.32327498922818,198.6040005187763,146.526016481825,-1059.5407663057183,717.955770511746,134.55674741547966,29.32013843552599,time,imf
BPIC13op,-19.577758548685356,23.54796018894245,197.14125664272484,-172.87606542015138,-1120.742830521256,879.3919895620531,25.780591521096735,19.200445310676812,time,imf
BPIC16c_p,-206.23392643747746,-0.7984895169120647,200.14175813844233,-185.50227122286756,-1123.9228830830496,879.5764143832902,96.55862230802197,152.80890596180117,time,imf
BPIC16wm_p,59.05441462535468,60.08986593390134,5.040187978660572,-185.63857017469275,-194.9570022690852,879.5766760537255,-29.67484949091109,-458.67876958334324,time,imf
BPIC17ol,60.58469680956544,-42.175761226687754,-1319.7248218544585,161.3176481819834,1274.673604445311,31.02161818266797,-78.01453673747721,94.33280020834172,time,imf
BPIC20a,55.06372201530122,-25.539881471637763,141.39539822038347,-86.13019146033103,-831.1348858149152,722.9727822057858,-58.37505634485861,14.79134558363851,time,imf
BPIC20d,2.1440808001755087,-27.425715301747502,195.55184670462342,-167.6180662474398,-1111.0353016484185,875.2819616115279,39.300523675435656,33.357952277893105,time,imf
BPIC20e,52.93237000013617,-25.750400311765233,157.6360857836735,-123.9574876685427,-931.9481310632985,839.5060426331503,-54.20048080246628,19.727229040894553,time,imf
RTFMP,59.87505496422352,-7.72353905924364,-167.05607385417593,937.1356561447103,7265.167355715463,-7583.856152536999,-64.2099744325207,64.33516282545733,time,imf
RWABOCSL,11.497888519304762,-16.17814705798275,194.43611755213195,-173.11176449366545,-1044.0310362675064,878.9962213393273,-29.390219340293445,9.95701642389162,time,imf
